{"info":{"_postman_id":"7d078d16-df54-4d14-90be-01c87d0cbf5c","name":"Zoo","schema":"https://schema.getpostman.com/json/collection/v2.1.0/collection.json"},"item":[{"name":"Services","item":[{"name":"Get all services","id":"dd38e3db-f09a-4fa3-aaf2-a9ebf71bc51b","protocolProfileBehavior":{"disableBodyPruning":true},"request":{"method":"GET","header":[],"url":{"raw":"{{base_url}}/services","host":["{{base_url}}"],"path":["services"]}},"response":[]},{"name":"Create service","id":"a87c9daf-227a-4a53-872f-90e243d01f50","protocolProfileBehavior":{"disableBodyPruning":true},"request":{"auth":{"type":"bearer","bearer":[{"key":"token","value":"{{token}}","type":"string"}]},"method":"POST","header":[],"body":{"mode":"urlencoded","urlencoded":[{"key":"name","value":"Restauration","type":"text"},{"key":"description","value":"Au cœur du parc, profitez de nos différents points de restauration et de leurs terrasses. Entre restauration rapide, plats chauds, sandwichs, pizzas, burgers et sucreries, chacun y trouvera son bonheur !","type":"text"}]},"url":{"raw":"{{base_url}}/services","host":["{{base_url}}"],"path":["services"]}},"response":[]},{"name":"Delete service","id":"94986503-c358-4eed-b352-10a55a31fba2","protocolProfileBehavior":{"disableBodyPruning":true},"request":{"auth":{"type":"bearer","bearer":[{"key":"token","value":"{{token}}","type":"string"}]},"method":"DELETE","header":[],"url":{"raw":"{{base_url}}/services/2","host":["{{base_url}}"],"path":["services","2"]}},"response":[]},{"name":"Update service","id":"81e911b3-2472-4348-917b-a1081a474e15","protocolProfileBehavior":{"disableBodyPruning":true},"request":{"auth":{"type":"bearer","bearer":[{"key":"token","value":"{{token}}","type":"string"}]},"method":"PATCH","header":[],"body":{"mode":"urlencoded","urlencoded":[{"key":"name","value":"Visite guidée","type":"text"},{"key":"description","value":"Venez passer un moment exceptionnel au zoo de Brocéliande ! Apprenez comment fonctionne le parc, ses projets, la gestion des animaux au quotidien. Au programme également, l’engagement du zoo pour la conservation des espèces en milieu naturel, les échanges avec d'autres parcs zoologiques, des anecdotes etc. Ces visites sont gratuites.","type":"text"}]},"url":{"raw":"{{base_url}}/services/2","host":["{{base_url}}"],"path":["services","2"]}},"response":[]}],"id":"54951936-6309-4a73-9e0c-9c98598c41b6"},{"name":"Comments","item":[{"name":"Create comment","id":"7ec3a8af-1102-4eb0-bb5d-edaba1536061","protocolProfileBehavior":{"disableBodyPruning":true},"request":{"method":"POST","header":[],"body":{"mode":"urlencoded","urlencoded":[{"key":"alias","value":"Arthur","type":"text"},{"key":"content","value":"Mes enfants ont adoré !!","type":"text"}]},"url":{"raw":"{{base_url}}/comments","host":["{{base_url}}"],"path":["comments"]}},"response":[]},{"name":"Get displayed comments","id":"74e6192b-e56c-4d92-909f-ddc0fd8b9d45","protocolProfileBehavior":{"disableBodyPruning":true},"request":{"method":"GET","header":[],"url":{"raw":"{{base_url}}/comments/display","host":["{{base_url}}"],"path":["comments","display"]}},"response":[]},{"name":"Get pending comments","id":"1caf7a0e-143b-42f2-b2df-1a39d7f7b979","protocolProfileBehavior":{"disableBodyPruning":true},"request":{"auth":{"type":"bearer","bearer":[{"key":"token","value":"{{token}}","type":"string"}]},"method":"GET","header":[],"url":{"raw":"{{base_url}}/comments/pending","host":["{{base_url}}"],"path":["comments","pending"]}},"response":[]},{"name":"Validate comment","id":"2c009c0d-cdf3-45e5-a764-f95fb4750ffc","protocolProfileBehavior":{"disableBodyPruning":true},"request":{"auth":{"type":"bearer","bearer":[{"key":"token","value":"{{token}}","type":"string"}]},"method":"PATCH","header":[],"url":{"raw":"{{base_url}}/comments/4","host":["{{base_url}}"],"path":["comments","4"]}},"response":[]},{"name":"Reject comment","id":"0ad6de11-8812-4e0d-8c6d-7465a096e21a","protocolProfileBehavior":{"disableBodyPruning":true},"request":{"auth":{"type":"bearer","bearer":[{"key":"token","value":"{{token}}","type":"string"}]},"method":"DELETE","header":[],"url":{"raw":"{{base_url}}/comments/2","host":["{{base_url}}"],"path":["comments","2"]}},"response":[]}],"id":"39f8f314-23d7-4d2d-ac18-38a82b7c0fa1"},{"name":"Auth","item":[{"name":"Create user","id":"c94a271b-7829-4905-9649-07fe749de4bf","protocolProfileBehavior":{"disableBodyPruning":true},"request":{"auth":{"type":"bearer","bearer":[{"key":"token","value":"{{token}}","type":"string"}]},"method":"POST","header":[],"body":{"mode":"urlencoded","urlencoded":[{"key":"userName","value":"abellec@broceliande.com","type":"text"},{"key":"name","value":"Bellec","type":"text"},{"key":"firstName","value":"Anne","type":"text"},{"key":"role","value":"vet","type":"text"}]},"url":{"raw":"{{base_url}}/auth/create","host":["{{base_url}}"],"path":["auth","create"]}},"response":[]},{"name":"Log in as admin","event":[{"listen":"test","script":{"id":"669ac9a9-6f97-4d92-9139-eb45ba71311f","exec":["const responseJson = pm.response.json();\r","pm.environment.set(\"token\", responseJson.accessToken);"],"type":"text/javascript","packages":{}}}],"id":"18f58d57-d07b-4d0f-9c6e-3bf7dd71313f","protocolProfileBehavior":{"disableBodyPruning":true},"request":{"method":"POST","header":[],"body":{"mode":"urlencoded","urlencoded":[{"key":"userName","value":"admin@example.com","type":"text"},{"key":"password","value":"password","type":"text"}]},"url":{"raw":"{{base_url}}/auth/login","host":["{{base_url}}"],"path":["auth","login"]}},"response":[]},{"name":"Log in as employee","event":[{"listen":"test","script":{"id":"a189ea07-28b6-430e-8eb9-0d15ccd1adac","exec":["const responseJson = pm.response.json();\r","pm.environment.set(\"token\", responseJson.accessToken);"],"type":"text/javascript","packages":{}}}],"id":"5a5395e9-7e4e-4319-ab18-bfe5b88d1172","protocolProfileBehavior":{"disableBodyPruning":true},"request":{"method":"POST","header":[],"body":{"mode":"urlencoded","urlencoded":[{"key":"userName","value":"jane@example.com","type":"text"},{"key":"password","value":"password","type":"text"}]},"url":{"raw":"{{base_url}}/auth/login","host":["{{base_url}}"],"path":["auth","login"]}},"response":[]},{"name":"Log in as vet","event":[{"listen":"test","script":{"id":"3e5db1c6-a89b-409a-9c82-a376ce0788dc","exec":["const responseJson = pm.response.json();\r","pm.environment.set(\"token\", responseJson.accessToken);"],"type":"text/javascript","packages":{}}}],"id":"61b481c3-e6fb-46d5-a202-e13b3b275072","protocolProfileBehavior":{"disableBodyPruning":true},"request":{"method":"POST","header":[],"body":{"mode":"urlencoded","urlencoded":[{"key":"userName","value":"john@example.com","type":"text"},{"key":"password","value":"password","type":"text"}]},"url":{"raw":"{{base_url}}/auth/login","host":["{{base_url}}"],"path":["auth","login"]}},"response":[]},{"name":"Delete user","id":"d55b744c-a027-4f47-9ce6-b89c31db5314","protocolProfileBehavior":{"disableBodyPruning":true},"request":{"auth":{"type":"bearer","bearer":[{"key":"token","value":"{{token}}","type":"string"}]},"method":"DELETE","header":[],"body":{"mode":"urlencoded","urlencoded":[{"key":"userName","value":"","type":"text"}]},"url":{"raw":"{{base_url}}/auth","host":["{{base_url}}"],"path":["auth"]}},"response":[]}],"id":"1bed9fdf-6853-424c-a270-1fa70ed01e26"},{"name":"Habitats","item":[{"name":"Get all habitats","id":"51f11729-e4ea-4078-af62-ae583e1cf7ab","protocolProfileBehavior":{"disableBodyPruning":true},"request":{"method":"GET","header":[],"url":{"raw":"{{base_url}}/habitats","host":["{{base_url}}"],"path":["habitats"]}},"response":[]},{"name":"Create habitat","id":"b740fbf7-fafe-41c5-a61c-74f380e48a25","protocolProfileBehavior":{"disableBodyPruning":true},"request":{"auth":{"type":"bearer","bearer":[{"key":"token","value":"{{token}}","type":"string"}]},"method":"POST","header":[],"body":{"mode":"urlencoded","urlencoded":[{"key":"name","value":"Savane","type":"text"},{"key":"description","value":"La savane est un type de paysage qui est composé surtout d'herbes. On la trouve dans les régions de climat tropical à longue saison sèche avec des périodes de pluies bien marquées. On la trouve en Afrique (Mali, Burkina Faso, Niger, Nord de la Côte d'Ivoire, Kenya...), au Brésil, en Inde centrale, en Australie.","type":"text"}]},"url":{"raw":"{{base_url}}/habitats","host":["{{base_url}}"],"path":["habitats"]}},"response":[]},{"name":"Update habitat","id":"ccf3b9b2-e4a7-4c1c-a46e-c2b116dbd149","protocolProfileBehavior":{"disableBodyPruning":true},"request":{"auth":{"type":"bearer","bearer":[{"key":"token","value":"{{token}}","type":"string"}]},"method":"PATCH","header":[],"body":{"mode":"urlencoded","urlencoded":[{"key":"name","value":"Savanes","type":"text"},{"key":"description","value":"La savane est un type de paysage qui est composé surtout d'herbes. On la trouve dans les régions de climat tropical à longue saison sèche avec des périodes de pluies bien marquées.","type":"text"}]},"url":{"raw":"{{base_url}}/habitats/update/2","host":["{{base_url}}"],"path":["habitats","update","2"]}},"response":[]},{"name":"Comment habitat","id":"7f8e4e6a-11e8-4bcc-ba9b-4370b7ee5a22","protocolProfileBehavior":{"disableBodyPruning":true},"request":{"auth":{"type":"bearer","bearer":[{"key":"token","value":"{{token}}","type":"string"}]},"method":"PATCH","header":[],"body":{"mode":"urlencoded","urlencoded":[{"key":"comment","value":"Avec le temps qu'on a eu ces derniers jours, pas besoin d'arroser les pelouses sinon ça va devenir la jungle.","type":"text"}]},"url":{"raw":"{{base_url}}/habitats/comment/2","host":["{{base_url}}"],"path":["habitats","comment","2"]}},"response":[]},{"name":"Delete habitat","id":"ff66caa9-f85f-45c3-83e4-1ce9368b302f","protocolProfileBehavior":{"disableBodyPruning":true},"request":{"auth":{"type":"bearer","bearer":[{"key":"token","value":"{{token}}","type":"string"}]},"method":"DELETE","header":[],"url":{"raw":"{{base_url}}/habitats/3","host":["{{base_url}}"],"path":["habitats","3"]}},"response":[]}],"id":"06ba82f5-8c3d-466b-a7c4-60afec77dd88"}]}